id,first_name,last_name,gender,date_of_birth,email,country_of_birth,car_id,id,make,model,price
1,Jameson,Ramelet,M,5/8/2021,jramelet0@example.com,China,3,3,Hyundai,Genesis Coupe,41358.65
2,Sabine,MacKellar,F,8/15/2021,smackellar1@umn.edu,France,1,1,GMC,sierra 2500,76835.03
3,Griffin,Devinn,M,11/16/2021,,China,4,4,Ford,Fusion,10791.07
4,Arley,Fosdike,M,6/18/2021,afosdike3@parallels.com,Argentina,6,6,Toyota,sienna,77124.59
5,Deloris,Ianittello,F,1/3/2021,dianittello4@kickstarter.com,China,2,2,Ford,Econoline E150,41874.09
6,Sylvia,Possek,F,12/11/2021,spossek5@answers.com,Czech Republic,17,17,Lexus,Is,16086.44
7,Gustave,Donwell,M,10/11/2021,,Iran,18,18,Pontiac,Firefly,83563.55
8,Sasha,Wingeatt,M,6/7/2021,swingeatt7@discuz.net,Portugal,52,52,Pontiac,Grand Am,72082.29
9,Huberto,Rodell,M,12/25/2020,hrodell8@dyndns.org,China,51,51,Toyota,sequoia,47736.4
10,Jobye,Raatz,F,10/5/2021,,China,5,5,Chevrolet,Cavalier,88600.29
11,Donni,Dmytryk,F,5/18/2021,ddmytryka@istockphoto.com,Russia,50,50,suzuki,sidekick,71962.49
12,Sigismund,Krauss,M,6/13/2021,skraussb@mapy.cz,Brazil,43,43,Nisan,Quest,31938.89
13,Sebastiano,McElroy,M,9/1/2021,smcelroyc@loc.gov,Ghana,39,39,Chrysler,Town & Country,13468.08
14,Isaak,Itter,M,10/19/2021,iitterd@sciencedaily.com,Brazil,10,10,Infiniti,G37,24842.52
15,Briano,Lumm,M,7/18/2021,blumme@latimes.com,Pakistan,7,7,GMC,suburban 1500,82815.16
16,Roxane,Redwin,F,11/29/2021,rredwinf@storify.com,Ukraine,11,11,Mazda,Familia,90557.36
17,Perry,Coffey,F,8/27/2021,pcoffeyg@macromedia.com,Indonesia,16,16,Toyota,Matrix,63798.62
18,Toinette,Ryan,F,1/15/2021,tryanh@4shared.com,Czech Republic,19,19,Porsche,944,37300.65
19,Turner,Dilley,M,2/3/2021,tdilleyi@cam.ac.uk,Tanzania,25,25,Mercury,sable,49144.18
20,Geneva,St. Quintin,F,7/31/2021,gstquintinj@creativecommons.org,Sweden,26,26,Mazda,Miata MX-5,47006.91
21,Dick,Bellamy,M,4/29/2021,dbellamyk@nih.gov,China,12,12,Ford,Mustang,67826.76
22,Kaleb,Mitchelmore,M,7/24/2021,kmitchelmorel@wikispaces.com,Indonesia,29,29,Porsche,911,47473.28
23,Darrelle,Brun,F,2/24/2021,dbrunm@nhs.uk,Indonesia,30,30,Pontiac,sunbird,27427.97
24,Irene,Whittet,F,2/5/2021,iwhittetn@ezinearticles.com,Germany,31,31,Toyota,4Runner,81015.79
25,Rodrigo,Goudge,M,7/10/2021,,Kazakhstan,32,32,spyker,C8 spyder Wide Body,43707.61
26,Chevalier,Ghidoli,M,7/16/2021,cghidolip@intel.com,Colombia,38,38,Plymouth,Acclaim,62979.52
27,Simonette,Arndtsen,F,8/22/2021,,Uganda,40,40,Chevrolet,G-series G30,76213.55
28,Elizabeth,Piola,F,6/11/2021,epiolar@ehow.com,Saudi Arabia,41,41,Jeep,Grand Cherokee,81348.93
29,Kayley,Nursey,F,10/24/2021,,Libya,42,42,Toyota,sequoia,50884.64
30,Mackenzie,Lavery,M,4/25/2021,,Canada,47,47,Audi,Cabriolet,29099.69
31,Micky,Flattman,F,2/26/2021,mflattmanu@cafepress.com,Indonesia,48,48,Chrysler,Concorde,62913.21
32,Felita,Valasek,F,9/7/2021,,Vietnam,49,49,Infiniti,Q,17456.82
33,Katuscha,Karpushkin,F,5/7/2021,kkarpushkinw@jigsy.com,Sweden,35,35,Lexus,Gs,71091.02
34,Engracia,Redgate,F,6/13/2021,,Yemen,34,34,Cadillac,CTs-V,69317.24
35,Finn,Cominotti,M,7/26/2021,,Indonesia,33,33,GMC,2500 Club Coupe,96010.19
36,Jocelin,Pittway,F,5/18/2021,,Indonesia,20,20,Chevrolet,Astro,38095.81
37,Aylmar,Lafontaine,M,9/2/2021,,Portugal,23,23,Buick,Riviera,16788.04
38,Truda,Mundell,F,11/10/2021,,Indonesia,21,21,Chevrolet,Expres,29012.04
39,Cosimo,Wannan,M,7/13/2021,cwannan12@istockphoto.com,Finland,22,22,Toyota,RAV4,92207.3
40,Ansell,O'Haire,M,3/19/2021,aohaire13@deviantart.com,Russia,24,24,Ford,GT,73712.18
41,Bartholomeo,Danielou,M,1/11/2021,,China,13,13,Mazda,MX-5,88017.66
42,Jeffry,Belton,M,2/15/2021,jbelton15@gmpg.org,China,14,14,Ford,F350,26068.11
43,Gale,Geany,F,6/22/2021,ggeany16@webmd.com,France,15,15,GMC,savana 3500,32478.57
44,Janna,MacPherson,F,6/13/2021,jmacpherson17@hud.gov,Portugal,8,8,subaru,Impreza WRX,17531.96
45,Glenine,Le Fleming,F,2/26/2021,glefleming18@networkadvertising.org,China,9,9,Mazda,Familia,21696.33
46,Pace,Ledgeway,M,11/4/2021,pledgeway19@lulu.com,Uruguay,27,27,Pontiac,Grand Prix,12935.32
47,Emyle,Andrieux,F,11/8/2021,eandrieux1a@stumbleupon.com,China,36,36,Volkswagen,New Beetle,87327.17
48,Reube,McRobbie,M,10/21/2021,rmcrobbie1b@dropbox.com,Kosovo,44,44,Volvo,240,35413.86
49,Tan,Shoesmith,M,8/25/2021,,Albania,45,45,Audi,4000s,55937.63
50,Kessiah,MacFayden,F,3/10/2021,kmacfayden1d@squarespace.com,Ukraine,46,46,Ford,Mustang,94039.71
51,Danny,Gainsbury,F,5/15/2021,dgainsbury1e@cargocollective.com,China,28,28,Mitsubishi,Mirage,13263.86
52,Spike,Blabie,M,1/22/2021,sblabie1f@dion.ne.jp,Greece,37,37,subaru,Legacy,19919.8
53,Mirelle,Screeton,F,10/20/2021,,Mali,58,58,Volkswagen,rio,39766.45
54,Ermengarde,Sillito,F,8/1/2021,esillito1h@japanpost.jp,Niger,59,59,Lexus,RX,40410.33
55,Clemente,Broszkiewicz,M,5/17/2021,,Russia,60,60,Mercedes-Benz,E-Clas,99322.04
56,Gray,Plaxton,M,5/11/2021,gplaxton1j@blogs.com,Argentina,61,61,GMC,Envoy XL,14225.76
59,Coral,Kinmond,F,4/5/2021,ckinmond1m@illinois.edu,Portugal,70,70,Mercedes-Benz,sprinter 3500,21927.92
60,Margalo,Drage,F,9/1/2021,mdrage1n@phpbb.com,Belarus,53,53,Pontiac,GTO,68433.38
66,Andrei,Winkless,F,7/11/2021,awinkless1t@yellowbook.com,Thailand,66,66,Buick,Lesabre,68648.11
67,Addie,Arlt,M,4/26/2021,,Nigeria,67,67,Jaguar,s-Type,52823.81
70,Merrile,Caddie,F,7/14/2021,,France,54,54,BMW,5 series,46785.41
71,Ottilie,Lockitt,F,2/8/2021,olockitt1y@sbwire.com,Canada,57,57,Buick,Century,82240.33
78,Randy,Bawme,F,9/24/2021,rbawme25@pen.io,China,68,68,Kia,sportage,28033.48
79,Maressa,Gaze,F,9/8/2021,mgaze26@freewebs.com,China,69,69,Cadillac,DeVille,13721.34
80,Roxi,Dobsons,F,2/8/2021,rdobsons27@parallels.com,China,55,55,Dodge,Daytona,84730.77
81,Gilda,Beininck,F,5/21/2021,gbeininck28@miibeian.gov.cn,Poland,62,62,Mercedes-Benz,sL-Clas,50406.25
82,Tremayne,Luten,M,9/28/2021,,Cambodia,63,63,Lotus,Esprit,28967.48
83,Thedric,Gini,M,4/9/2021,,Indonesia,64,64,GMC,Jimmy,28476.97
90,Gannon,Polotti,M,1/31/2021,,Thailand,56,56,Volvo,s90,86242.46
94,Hasheem,Trusdale,M,11/12/2021,,Indonesia,65,65,Volkswagen,Pasat,80212.52
